{
  "version": "0.1.0",
  "personas": [
    {
      "id": "pension_long_horizon",
      "patience": 0.8,
      "fee_sensitivity": 0.6,
      "esg_strictness": 0.5,
      "side_letters": {
        "reporting": "enhanced"
      }
    },
    {
      "id": "endowment_alpha_hunter",
      "patience": 0.5,
      "fee_sensitivity": 0.4,
      "esg_strictness": 0.3,
      "side_letters": {
        "co_invest": "priority"
      }
    },
    {
      "id": "family_office_relationship",
      "patience": 0.7,
      "fee_sensitivity": 0.5,
      "esg_strictness": 0.2,
      "side_letters": {
        "fees": "discount"
      }
    }
  ]
}