{
  "version": "0.1.0",
  "scenarios": [
    {
      "scenario_id": "2007_crisis_demo",
      "display_name": "2007\u20132009 GFC Demo (Placeholder)",
      "start_date": "2007-01-01",
      "frequency": "quarterly",
      "duration_steps": 12,
      "dates": [
        "2007-01-01",
        "2007-04-01",
        "2007-07-01",
        "2007-10-01",
        "2008-01-01",
        "2008-04-01",
        "2008-07-01",
        "2008-10-01",
        "2009-01-01",
        "2009-04-01",
        "2009-07-01",
        "2009-10-01"
      ],
      "series": {
        "gdp_growth_pct": [
          2.5,
          2.2,
          1.8,
          0.9,
          -1.0,
          -2.5,
          -3.0,
          -1.2,
          0.5,
          1.2,
          2.1,
          2.4
        ],
        "fed_funds_rate_pct": [
          5.25,
          5.0,
          4.75,
          4.0,
          3.0,
          2.0,
          1.0,
          0.5,
          0.25,
          0.25,
          0.5,
          1.0
        ],
        "sp500_total_return_pct": [
          1.5,
          1.2,
          0.5,
          -3.0,
          -7.5,
          -12.0,
          -8.0,
          -4.0,
          2.0,
          4.5,
          3.0,
          2.5
        ],
        "vix_level": [
          13,
          14,
          16,
          20,
          28,
          40,
          45,
          35,
          25,
          20,
          18,
          16
        ],
        "credit_spread_hy_bps": [
          300,
          320,
          350,
          450,
          650,
          900,
          1000,
          800,
          600,
          450,
          380,
          330
        ],
        "credit_spread_ig_bps": [
          110,
          120,
          140,
          180,
          240,
          300,
          320,
          260,
          200,
          160,
          140,
          120
        ],
        "unemployment_rate_pct": [
          4.6,
          4.6,
          4.7,
          5.0,
          5.3,
          6.0,
          7.0,
          8.0,
          8.8,
          9.2,
          9.0,
          8.7
        ],
        "base_sector_multiple": {
          "tech_ev_ebitda": [
            11,
            11,
            10.5,
            9.5,
            8.5,
            7.5,
            7.0,
            7.5,
            8.0,
            8.5,
            9.0,
            9.5
          ],
          "industrials_ev_ebitda": [
            7.5,
            7.5,
            7.2,
            6.8,
            6.2,
            5.8,
            5.5,
            5.7,
            6.1,
            6.4,
            6.7,
            7.0
          ],
          "consumer_ev_ebitda": [
            8.5,
            8.5,
            8.1,
            7.4,
            6.6,
            6.0,
            5.7,
            6.0,
            6.5,
            7.0,
            7.4,
            7.8
          ],
          "healthcare_ev_ebitda": [
            9.0,
            9.0,
            8.7,
            8.2,
            7.8,
            7.4,
            7.2,
            7.4,
            7.7,
            8.0,
            8.4,
            8.7
          ],
          "energy_ev_ebitda": [
            6.5,
            6.6,
            6.7,
            6.9,
            7.2,
            7.6,
            7.4,
            7.0,
            6.6,
            6.4,
            6.5,
            6.6
          ],
          "services_ev_ebitda": [
            8.0,
            8.0,
            7.7,
            7.1,
            6.5,
            6.0,
            5.8,
            6.0,
            6.3,
            6.7,
            7.0,
            7.3
          ]
        }
      },
      "exogenous_events": [
        {
          "date": "2008-09-01",
          "tag": "LehmanShock",
          "magnitude": 1.0,
          "decay_steps": 3
        },
        {
          "date": "2009-03-01",
          "tag": "QE_Round1",
          "magnitude": -0.6,
          "decay_steps": 4
        }
      ],
      "notes": "Illustrative placeholders; replace with real historical data."
    }
  ]
}